{"extents": [3.89462793, 11.349591510000002, 3.1634560470000004], "bounds": [[-1.947313965, -5.674795755, 0.0], [1.947313965, 5.674795755000002, 3.1634560470000004]]}